Name,Link
New Search,https://bioguideretro.congress.gov/
House History,https://history.house.gov/
Senate History,https://www.senate.gov/art/art_hist_home.htm
Copyright Information,https://bioguideretro.congress.gov/Home/Copyright
Privacy,https://bioguideretro.congress.gov/Home/Privacy
2,https://bioguideretro.congress.gov/Home/SearchResults?page=2
3,https://bioguideretro.congress.gov/Home/SearchResults?page=3
4,https://bioguideretro.congress.gov/Home/SearchResults?page=4
5,https://bioguideretro.congress.gov/Home/SearchResults?page=5
6,https://bioguideretro.congress.gov/Home/SearchResults?page=6
7,https://bioguideretro.congress.gov/Home/SearchResults?page=7
8,https://bioguideretro.congress.gov/Home/SearchResults?page=8
9,https://bioguideretro.congress.gov/Home/SearchResults?page=9
10,https://bioguideretro.congress.gov/Home/SearchResults?page=10
>,https://bioguideretro.congress.gov/Home/SearchResults?page=2
>>,https://bioguideretro.congress.gov/Home/SearchResults?page=40
"ADAMS, George Madison",https://bioguideretro.congress.gov/Home/MemberDetails?memIndex=A000035
"ALBERT, William Julian",https://bioguideretro.congress.gov/Home/MemberDetails?memIndex=A000074
"ALBRIGHT, Charles",https://bioguideretro.congress.gov/Home/MemberDetails?memIndex=A000077
"ALCORN, James Lusk",https://bioguideretro.congress.gov/Home/MemberDetails?memIndex=A000079
"ALLISON, William Boyd",https://bioguideretro.congress.gov/Home/MemberDetails?memIndex=A000160
"AMES, Adelbert",https://bioguideretro.congress.gov/Home/MemberDetails?memIndex=A000172
"ANTHONY, Henry Bowen",https://bioguideretro.congress.gov/Home/MemberDetails?memIndex=A000262
"ARCHER, Stevenson",https://bioguideretro.congress.gov/Home/MemberDetails?memIndex=A000274
"ARMSTRONG, Moses Kimball",https://bioguideretro.congress.gov/Home/MemberDetails?memIndex=A000283
"ARTHUR, William Evans",https://bioguideretro.congress.gov/Home/MemberDetails?memIndex=A000304
2,https://bioguideretro.congress.gov/Home/SearchResults?page=2
3,https://bioguideretro.congress.gov/Home/SearchResults?page=3
4,https://bioguideretro.congress.gov/Home/SearchResults?page=4
5,https://bioguideretro.congress.gov/Home/SearchResults?page=5
6,https://bioguideretro.congress.gov/Home/SearchResults?page=6
7,https://bioguideretro.congress.gov/Home/SearchResults?page=7
8,https://bioguideretro.congress.gov/Home/SearchResults?page=8
9,https://bioguideretro.congress.gov/Home/SearchResults?page=9
10,https://bioguideretro.congress.gov/Home/SearchResults?page=10
>,https://bioguideretro.congress.gov/Home/SearchResults?page=2
>>,https://bioguideretro.congress.gov/Home/SearchResults?page=40
history@mail.house.gov,mailto:history@mail.house.gov
historian@sec.senate.gov,mailto:historian@sec.senate.gov
art@mail.house.gov,mailto:art@mail.house.gov
archives@mail.house.gov,mailto:archives@mail.house.gov
